QUESTION 1---------------------------------------------------
mysql> Select* from customers;
+-------------+------------+-----------+
| Customer_id | First_name | Last_name |
+-------------+------------+-----------+
|         101 | John       | Smith     |
|         102 | Nikhil     | Saroha    |
|         103 | Sumita     | Arora     |
+-------------+------------+-----------+
3 rows in set (0.00 sec)

mysql> Select* from orders;
+----------+-------------+------------+--------------+
| order_id | customer_id | order_date | total_amount |
+----------+-------------+------------+--------------+
|        1 |         101 | 2024-11-01 |          250 |
|        2 |         102 | 2024-11-04 |          100 |
|        3 |         103 | 2024-11-06 |          450 |
+----------+-------------+------------+--------------+
3 rows in set (0.00 sec)

mysql> select c.first_name,c.last_name,o.order_date,o.total_amount from customers c INNER JOIN orders o ON c.customer_id = o.customer_id;
+------------+-----------+------------+--------------+
| first_name | last_name | order_date | total_amount |
+------------+-----------+------------+--------------+
| John       | Smith     | 2024-11-01 |          250 |
| Nikhil     | Saroha    | 2024-11-04 |          100 |
| Sumita     | Arora     | 2024-11-06 |          450 |
+------------+-----------+------------+--------------+
3 rows in set (0.00 sec)

QUESTION 2---------------------------------------------------
mysql> select* from departments;
+---------------+-----------------+
| department_id | department_name |
+---------------+-----------------+
|             1 | HR              |
|             2 | IT              |
|             3 | Sales           |
+---------------+-----------------+
3 rows in set (0.00 sec)

mysql> select* from employees;
+-------------+------------+-----------+---------------+
| employee_id | first_name | last_name | department_id |
+-------------+------------+-----------+---------------+
|         101 | John       | Doe       |             1 |
|         102 | Jane       | Smith     |             1 |
|         103 | Michael    | Clark     |             2 |
|         104 | Emily      | Davis     |             2 |
+-------------+------------+-----------+---------------+
4 rows in set (0.00 sec)

mysql> select d.department_name,e.first_name,e.last_name from departments d LEFT JOIN employees e ON d.department_id= e.department_id;                  +-----------------+------------+-----------+
| department_name | first_name | last_name |
+-----------------+------------+-----------+
| HR              | John       | Doe       |
| HR              | Jane       | Smith     |
| IT              | Michael    | Clark     |
| IT              | Emily      | Davis     |
| Sales           | NULL       | NULL      |
+-----------------+------------+-----------+
5 rows in set (0.00 sec)

